author	comment	vote
谋杀游戏机	看完大概能明白，为什么这位从没拍过长片的导演初出手就能杀进戛纳主竞赛。整个电影的观感从“渐入佳境”到“触目惊心”，开头就是一场以凯旋门为背景的庆祝大游行，然后三个便衣警察，漫无目的的街头巡逻，抱团的有色人种，不断触发和升级的暴力冲突，互相以暴制暴的恶性循环……除了真枪以外什么武器都上了，楼内警察跟一群黑人孩子的群殴戏震撼，而这一团乱麻只是因为两个顽皮小男孩而起。结尾在一高一低的对峙时刻戛然而止，留出开放空间。虽然总往雨果和悲惨世界上扣题略显刻意，但影片整体的纪实感、街头感、不着痕迹的调度与表演、对当下现实的反思对于新导演而言都较为出色。法国拍出这样的电影，选进了主竞赛，有的国家却……	283
木卫二	聊H-K之前，不如都先看看这部电影？其实没啥关系，只是看着结尾字幕，想起来事。巡逻警察小队两日游，在街区遭遇各种剑拔弩张的嘴炮，持续的精神高压，最终迎来大爆炸。导演把观众从世界杯的狂欢情绪，迅速拉入黑巴黎斯坦的生活日常——如果没有骚乱，那骚乱只是在青少年成长的路上。片子玩了个小心思，当你以为原来就讲那么大一点事，爆炸已经准备就绪，展开无差别攻击。三个警察代表了不同的群体，点火完毕的燃烧瓶，也留足了悬念。	163
九只苍蝇撞墙	4.5。能感到一种和人物站在一起的贴身感。每个人的行动困境和面临的两难抉择都刻画的惊心动魄。本以为影片会结束在非正义和不公平的和稀泥状态。但是创造者的视角高出一筹，他意识到无论是警察还是黑帮，正义公平的缺失，对责任归属视而不见的一团乱麻，必将导致最底层受害者无因暴力式的无政府式反弹，所有的好人、坏人和中间分子都会被拖入无法解扣的互相仇恨之中。整个世界任何的观念、制度、种族、宗教和阶级冲突最后都将面临这样毁灭性的困境。特别是在耶路撒冷这个城市看到这样的影片，感受尤其强烈。本届戛纳电影节的金棕榈应该在这里，这个评审团真是由一群毫无视野的文盲有闲阶级白左组成的。	204
西楼尘	笼中狮因为皮鞭的驯养忘了自己是野兽，执法者因为手握的枪支以为自己是神明。明明都在同一个街区长大，披上制服的警察和肤色不同的市长已经分了阶层。砸碎街边女孩的手机，以为也能砸碎高空无人机的内存卡。能把马戏团的狮子偷走，也能上演一场反抗极权的复仇。没有邪恶的植物和人，只有邪恶的培育者。	151
徐若风	4.5  上次看100分钟的电影感觉只过了半小时的还是《地心引力》，视听和表演都太猛了，可谓惊心动魄。我们虽然身处2019年，但仍要面对着1862年，甚至存在得更早的问题。它们每一桩都是难解的，又都是简单的——“没有坏草，也没有坏人，只有坏的庄稼人”。导演用并不复杂的手法构建出极有概括力的事件，背后是深入的黑人社群观察和政治议题的落地化。即便部分桥段的转折用力地有点“过”，但创作者的位置与视角是绝对妥帖的。	85
Joker	高贵的雄狮在笼中呆坐，关不住弱肉强食的森林法则。沉默的眼睛在天空游荡，看不尽痛苦无助的芸芸众生。如果发泄怒火才能换来倾听，那凯旋门前的欢呼是否能驱散仇恨。如果好勇斗狠才能换来尊重，那马戏团里的哭声终究会扼杀笑容。在这看似宁静实则汹涌的悲惨世界，谁来给孩子们的天空画上一道彩虹。首先想起东木《完美的世界》，随后是保罗哈吉斯《撞车》，虽然本片的创作理念上主要突出的是社会意识形态差异所导致的冲突，但最终指向确实落在少年一代，面对那些气势汹汹的大人脸上的暴戾，他们眼中的凶狠，他们传递的恃强凌弱，他们遵循的目无法纪，统统尽收眼底，最后转化为少年手中熊熊燃烧的怒火，狠狠的砸向悲惨世界。相比东木刻画出的温情守望者，这里只有雨果笔下的邪恶庄稼汉。节奏的铺陈与社会视角的描摹精准且老练，完全不像处女作，看好导演。	87
Lycidas	4.5 各方面都颇见水准的处女作。并没有人出生就是恐怖分子，走到极端的自私和恶意，才会催生暴力之花。令人遗憾的是，从雨果的年代至今，世界还是那个悲惨世界，报复只能以报复回答，暴力的结果只会是更多的暴力。和前一场的《钱》形成完美的主题延续。（《黑色党徒》的结尾也让人有如此唏嘘）	72
LORENZO 洛伦佐	延续短片风格，成片很有力量，街头戏份真实刺激，最后的楼道大战调度惊人。抛出的问题尖锐直指法国乃至欧洲各国现状，无解命题背后是对社会制度的深思。虽然有设计感，但作为导演的长片处女作真的很惊艳。维克多雨果小说［悲惨世界］里的因果报应也在电影里对照上演。	68
桃桃林林	延续了短片的风格，尤其是手持与街头感。动作戏部分其实都很精彩，紧张感与随时爆发的人物关系也很吸引人。剧情部分其实就是短片的扩充，多加了些人物，以及结尾一部分。不过，整体剧情衔接还是略硬，有些地方节奏也慢了点，略遗憾	34
影志	“如果愤怒是唯一表达的途径呢？最糟是没人会在意”  事态走向的万劫不复感拍出来了，但缺乏情绪和核心情感，本以为是另一部《狩猎》。狮子笼戏份最有力度…“会叫的狗不咬人” 愤怒无用。	45
白月	很难想象这只是处女作，现在只有法国敢拍真正揭露现实的种族题材的电影了吧。所有演员表演得浑然天成，真怀疑是不是导演直接去街上找的。不过，住政府廉租房的小孩居然有无人机到底是怎么回事，就算巴黎中产阶级的孩子也很难有吧。	173
有寂	结尾字幕恶心到我了，还嫌法国不够完蛋呐？导演非洲裔法兰西人？哦哦那没事了	34
南悠一	过于工整过于计算，应该是个硬伤，让这部调度出色、叙述扎实的杰出处女作，可以被当作一部时势电影（无法长久）。不知怎的就想起齐德·多尔里的《羞辱》，都是用相同的构架（每个人物都有一个立场），来展现复杂的社会矛盾。社会像个火腿，它只用虚构切一个情绪的横截面，就够身处这个悲惨世界的我们连连叫好了。但智者需要深谋远虑，需要对火腿进行超越情绪的另一种切法。	58
Peter Cat	《为所应为》应有电影史地位这部应该有；《流浪迪潘》偷走金棕榈，可以考虑分给这部。	90
己注销	最後引用雨果的「世上沒有惡果，只有惡果培育者」我就吐了。強行政治正確，為暴力冠以正義之名，真的讓人想開槍掃射這些熊孩子。警察的作法比起暴徒算溫和得多，不然在93省這個地方要用愛發電嗎，瓊瑤看多了吧。沒經過高等教育的人類永遠都是惡的，人性如此，強行接受這個事實好嗎，聖母們。	58
艮艮	是执法还是犯法？当白人警察手握警权的时候，他们大概忘记了原来自己也是要守法的。更何况，他们面对的是这些外来移民，根深蒂固的种族歧视让他们忘了这些外来者也应当有基本的人权	44
冷酷的转发机器	一部重新让你思考人类社会阶级，权力，合法性的电影。狮子象征权力，人皆纵欲，权力欲是一头需要被控制的恶兽，Issa偷走幼狮，象征的是底层阶级分割统治阶级的权力；Issa在马戏团跟雄狮对峙，同样象征着他得到了权力。	68
郭连凯	和去年那部埃及的处女作比的话好太多了，有比较深刻的社会观察和种族冲突体现，有极为出色的最后一场冲突戏的调度以及情绪渲染，但比较遗憾的就是没有从短片作品中扩充出太多内容吧，像是为了将短片拍成长片做的命题作文。	6
丁一	悲惨世界，需要发泄，可防可控，终成大火	2
seabisuit	世界上没有坏种也没有恶人，只有坏的播种人庄稼地。这早已不是雨果的巴黎，海报上的人群也不是抗议，而是在庆祝拥有多半数有色人种的法国国家队夺得世界杯。当年轻的姆巴佩驰骋在绿茵场成为英雄，比他还要小的黑孩子跑在街头白警察仍然追不上他们。应该在非洲大草原自然生长的小狮子不堪呆在鸡窝，被关在马戏团笼子里的大狮子也仅是像会叫的狗一样不咬人。离得那么近为什么会开枪，仇恨的累积无限的报复只会植入到每一个亲历见证者年幼的心里以改变未来不可收拾，高级的暴力那就是革命。生猛成熟的处女作，与同样非常喜欢同获戛纳评审团奖的《巴克劳》都出现了无人机，用俯瞰的视角展现记录着那些不可告人足以抹去的杀戮。#金马56#年度十佳。	53
胤祥	#72nd Cannes# 评审团奖。比同名短片好太多了，篇幅足够把短片里没有时间说清楚的街区/族群政治讲明白了。这个意义上其实比[训练日]还是要高级和复杂一些。必须参照的还有导演拉德·利2006年的纪录短片《克利希-蒙费尔梅伊的365天》（2005年法国骚乱作为关键情节的背景信息）。开头节奏太慢，结尾先是煽情说教，再者是Issa黑化和复仇得有点战斗力太强，又要硬凑那个结尾。不过这片比《黑色党徒》在社会介入和愤怒表达上还是好很多。	23
brennteiskalt	拉吉·利的剧本里有典型的设计痕迹，三个警察主角以经典的本我自我超我模型为蓝本，代表了法律面对“平行社会”的三种处理方法。人物设定和剧情走向里这些范式大多时候是钳制而非规范了富有动力和震撼人心的场面戏，同时也没真正树立起来立体和令人关心的人物，这对于这部颇具警世作用的作品而言是个大缺憾。影片真正的冲突发生在成人与青少年之间。被卷入成人世界纷繁矛盾中的青少年在尾声前没有发言权，显然他们对于任何一个成人势力、任何一种规范或协商式的解决方式都感到失望。直到惊悚的“第二个结尾”时，联合起来的年轻力量才如此富有摧毁性，法国的未来正如最后一镜一样危险而不确定。如此来看，导演最后引用的雨果名言是针对所有成年人的：我们该如何浇灌这些祖国的花朵？	26
唐朝	在我们的文化和制度语境里，片中警察混乱中开枪打伤小孩，基本算是正当的。这帮小孩的野性和不可控，是我们的文化和制度不能接受的。西方法律或公民意识里对执法行为的合理性与边界线的争议，在我们这通常被简化为“你有没有配合执法者”的问题，没有，就是你的错。片中宗教和种族对立的移民社区，人性自由伸展，维持基本生存法则，在剑拔弩张中保持和平。这种管理方式，有点类似于西方初期对待疫情的态度——既然接受了不能（短期内）绝对控制的现实，那就采取措施防止它彻底崩坏。对待人性亦是如此，他们接受了人性复杂的现实，不去试图完全控制它，而是防止它沦落到法律不能容忍的程度，因此西方能够允许片中那样的移民社区存在。这种文化差异，正是我们的主流社会，不能接受难民或是那样的移民社区明目张胆存在的原因之一。我们需要一切都可控被控。	37
LOOK	4.5 反复出现的无人机视点，是物理层面的视点，又有引导、暗示整体叙事视点的作用。在呈现双方激烈对峙的过程中，拍摄者即便在高潮段落也竭尽全力做到类似无人机视点下的客观性、多元性，仇恨与善意其实共存。没有比定格于无解的对峙更合适的收尾。年度十佳。	17
嘟嘟熊之父	原声（景）重现的能力强到令人发指，但系统崩坏的摧枯拉朽程度不具备合理性。导演所有的表意都是叠加而非融合，是一种宣言，但不是对话。摄影机如同一个刻苦勤勉恪尽职守的好学生好员工，有全方位的优异，但缺少叛逆、睿智、幽默与动情。	18
凹凸	一场暴乱的诞生 不管是剧作还是调度都成熟得不像处女作 / SIFF第13场	30
黑狗成	大巴黎球迷导演，走向邪恶面的男孩选得这么像拉什福德，可能是个曼联黑，不过今年在你欧冠主场拿走一个逆转晋级，就不多计较了，片子没毛病，法国猛将长线跟。	9
十二辰子	法国版《为所应为》，但直接抛弃了种族融合的不可能想象，而是将症结归因于内部。前半段很有“种族特色”，后半程开始为拗而拗，强冲突和人物脸谱化都是很大的毛病。优点在于，社群矛盾的不可调和，归到底只有黑人才有资格反思黑人的问题。	9
Ou	具有单元剧的叙事特征，全片被分为比较平均的三个单元。人物功能被快速介绍，并重复使用。造成全片可信的不是社会真实，而是一种内部高效的调用。最后Issa站在台阶上手握燃烧瓶，极具象征性的姿势，链接超文本，冉阿让与马里尤斯。终归是有点取巧，离《阿尔及尔之战》或《为所应为》差了一线。	12
西帕克	看完惊觉，这就是姆巴佩时代的《为所应为》啊！占领街道的理由可以是政治，更可以是世界杯。我们将20岁的球星视作神灵，但更多15岁的孩子在街道流浪。革命的未来属于他们，但他们的未来却满是未知。	15
科林	警察、“奥巴马市长”、穆斯林“治安大队”，三路人马因一起幼狮失踪案牵扯瓜葛，殊不知，因果报应，自酿苦果。本片虽处女作，但格局大，完成度高，尽显法兰西社会动荡众生相。叙事视角独特，特意拍了几段三位警察的个人生活，以及航拍飞机的主观镜头，既有客观记录的窥探，又有上帝视角的俯瞰。片头欢呼世界杯夺冠的少年，对比片尾开放式结局的复仇，把孕育混乱之治的这片土壤抨击得深刻、过瘾，力道不输雨果。	10
浮影人生	看影片前四分之三的时候感觉很压抑也很气愤，当到影片结尾时候影片值两颗星。宗教和移民问题可能是目前世界面临最大的几乎无解的难题。之所以压抑，是影片具有明显的倾向性，开始就把执法者放在对立面面对，而把社会底层的黑人、伊斯兰教徒渣滓们塑造成了无辜者，却从未思考他们本身的恶行和思想的危险性。看完电影看资料才知道，导演是个不折不扣的黑人。黑人和伊斯兰教徒是世界的毒瘤，带给世界的是社会的动荡不安甚至是恐怖主义危机。中国广州黑人引起的社会问题已经初见端倪，如果不加以控制，危机就在不远的将来，这个在法国已经形成了灾难，用不了几十年，法国将成为黑人和伊斯兰教徒们的国家。其实一个国家一个政权在有些时候需要强权统治。评论里许多道德婊睁眼瞎一样指责执法者的错误而罔视渣滓们的违法，是一种事不关己的彻头彻尾的虚伪。	13
诗与美少胯	设计有余而暮气沉沉的感觉，get不到	4
巴伐利亞酒神	这个片子基本反映了二元世界中不可调和的对立和分化，其实和只有立场没有是非的现状很相似。双方都耗尽了耐心不愿再费唇舌，却又不肯卸下傲慢与偏见，这样误解就会一步步加深，事情就会变得越来越麻烦。造成的结果，恶警的今天就是善警的明天，小伊莎就是未来的萨拉赫或狮子王。另一方面，双方都觉得自己很委屈，但在不可调和的现状下又无路可退，就像那个戛然而止的结尾，一个精彩的隐喻：少年不肯扔掉燃烧瓶，警察也不愿放下手枪，于是竟然达成了一种骑虎难下的“和解”，尴尬又不失讽刺。	10
Derridager	尽管还是有新加入的警察这种警“匪”叙事的cliché（以平衡三人组的正义感），但还是消解了警察部队所谓的威严，带来了观看的乐趣——普通警察帮忙找狗，特种部队不过是帮忙寻狮。在刚刚展示红白蓝旗磨平肤色和阶层差异的景象后，以无人机为代表的镜头就迅速切入欢腾的另一面（也是日常层面），将一个被遗忘的社区图像尽收眼里。无人机（的监控）构成了对监控人民的警察的讽刺，也通过观察式的拍摄手法说明了创作者的态度——“我的朋友们，记住这一点，从来没有坏的杂草或坏的人。只有不好的种植者。”这种不多加评判的态度正是它高出那些肆意泄愤或刻意辩护的电影之处。特写和近景用得很好，让人感到冲突的日常和切近。还很喜欢冲突后突然摇上去拍阳台看客的镜头，不仅悬置评判的态度相对应，还强化了冲突的日常性——“这种事我们见多了”。	16
欢乐分裂	4.5；远超预测水准，好久没有一部新片能如此打动我，前半程的日常幽默隐现，过渡到后半段接连“反转”，简直可以用触目惊心来形容；现今常见题材亦能拍出动容的力量，剧本之扎实，调度之娴熟，意义之开拓，实属非一般的处女作，完全沉浸感。三方鼎立的派系斗争，三个警察之间的内部矛盾，人物关系架构得相当稳泰。以一名菜鸟警察视角切入种族、宗教、文化错综复杂的社区，以一微小事件撬动微妙而脆弱的街区平衡生态，不仅见证日常流程的运转，也回溯筑成今日现状的历史缘由，更预言/描摹暴力因子如何被人为植入，雨果笔下的「悲惨世界」依然具有醒世意义，历史的轮回何曾消停。	16
Paco	如无限延宕的结尾与导向方法论的字幕所示，并非没有立场，而是“体验即立场”；换句话说，字幕的出现节点比字幕本身更能代表这部电影（这点甚至比《为所应为》做得更好）：立场与观点不该是理论的结果，而是感受的结果。什么是和稀泥？和稀泥往往是调解者“不同在”的调解，而《悲惨世界》就是斯蒂芬，他确凿在场，以至于难以自保。妄图在俯瞰中描摹全貌的机位从本质上消失了，因为作者必须“下凡”，必须化身斯蒂芬。虽然没有完全舒张，但态度是如此清晰，充满征服力。	9
冰红深蓝	拉吉·利处女作，2019戛纳评审团奖。1.影片呈现了三重冲突：警民冲突、不同社群间的龃龉、警察三人组内部的分歧。2.铺陈阶段即利用两极镜头与快速变焦镜头彰显出混乱与不安感；全程以手持小景别镜头贴近人物，增强代入感；无人机的俯瞰视角间或插入，平衡影像节律与视点；高潮狭窄逼仄的楼道激战，在多方角度间不断切换，不偏不倚。3.比[流浪的迪潘]接地气得多，不过还是不若[为所应为]那样真正深入、细腻、立体地刻画角色，塑造群像（本作或许也受制于片长，人物还是偏脸谱化）。4.一场因抢狮子而引发的骚乱，狮子成为权力斗争与暴力冲突的隐喻。5.以世界杯后的同欢喜共庆贺起首，由千钧一发的惊险对峙戛然收尾，干脆利落。（8.5/10）	10
谢飞导演	非常不错的处女作！	10
没十斤公爵BOT	《悲惨世界》最值得注意的并不仅仅是其现实主义的风格以及对于种族，社会问题的关切。更为重要的是，拉德·利在这部写实风格的影片之下对于隐喻，象征的把控。被偷出的狮崽是一种潜在的energy，伴随着这一出现在影片之外的物理运动，“引入”电影之中，而影片本身也可以近似解读为a cub 's growing，直到成为结尾狂欢而安那其的影像怪兽。与此同时，另一隐喻则是在暴力之中突然抽离，上升，盘旋的无人机。一种domination power which transcends the body image，机器的审视或者神的审视。	4
水怪	开场庆贺的大场面和结尾处的反击骚乱场面都极其刺激眼球，也算是相呼应，这部分情绪上似乎有点共通娄公子刚上的风雨云。即便作为一部阶级革命片有点简单粗暴，但这种深入血液的暴动基因还是让自己艳羡不已啊！	2
SleepWalker	SIFF.  作为处女作调度真是屌爆了。前半段《训练日》式剧情很稳很耐心，后半段提速反而萎了，导演的掌控力逐渐丢失。我们都知道法国人民善于闹革命，剧本构思很明确直白，但是就呈现来看未免狭隘和偏激，一个宏大的命题最后的落脚是狭小的，结尾引用雨果原著的名句试图拔高主题，真不是很恰当。	6
晚不安	睁眼看看这个分裂的世界吧，不可调和的矛盾在群体之间一触即发。人物事件双驱动，纪实感是它的外观，也是力量所在。关注快速变焦的时刻——导演希望我们看到什么？马戏团的场景意指特别明显，弱者与更弱者都是笼中困兽。结尾仿佛是《开战》和《何以为家》的叠加，在三方悲剧性的对峙中，生而为人的根基在熊熊燃烧，最后的良知摇摇欲坠，但开放性又带来一线生机。问题被交还给观众：面对复杂的现实，常识失效了吗？他们的愤怒，具有建设性吗？我们的艺术，应该朝向何方？	13
文森特九六	狂欢面向未来，冲突来自过去，一切有了改变，却又似乎是蒙蔽于从未改变的隐藏，于此调度有了新的手段，空间有了新的碰撞，巡游有了新的视野，摄影机有了新的使命。持续的去发现去战斗，与鲁莽前进的时代保持距离，在混乱滞后的真相中冲锋陷阵。雨果笔下的冉·阿让们，不再仅仅是法兰西，全球化的历史巨变，并未能挥扬起自由的希望旗帜，领导众人的，依旧是弹药和燃烧瓶。可以作为开启20年代的钥匙，而下一个十年，亦将由拉吉·利们引领，关乎电影，关乎世界。	14
TWY	暴力但必经的危险之路与法则中的求和梦想之间冲撞着，而我们的电影出现在一个灰色地带中，它既默默凝视，也奔跑在迷雾与火焰中。	6
鸡头井。	也只有真正从底层社区生长而来的导演，才能用这么去张力的方法表现紧张与驳杂感。和《流浪的迪潘》相比，本片的行进是松弛的，在开篇具有纪实感的世界杯夺冠庆祝大场景后，转而进入微观世界，呈现无法归类的层次感，以及常常被外来者所忽略的日常生活的幽默感。“这只是一个玩笑”。	6
fallingraining	论恶是如何产生的。	1
天马星	调度太厉害了，最后一场楼梯戏，逼仄的空间也能调度自如。本身讲得并不是多跌宕起伏的故事，但节奏很棒，并且以小见大，讲述暴力如何养育滋养暴力，最后长成暴乱。不过相比去年的戛纳主竞赛还是有差距。	8
何阿嵐	經過了這多個月來，更不覺得電影裡的寫實感有多大力量和批判性，是能自圓其說展露社會層面，亦相比如今的某城，他所描寫的壞警察都稱得上文明人了，但那事不過「三」的執著，善與惡之間的角力在現實中無法簡化得這樣分明，從來都警察除暴安良是騙人話，戲中三位警察稱為「執屎佬」就差不多，地區勢力人士並不怕你，還要你做和事佬，為怕引發雙方勢力衝突，要在危機發生前擺平事件，小事化大是可預期的，發展下去就在玩弄危機邊緣之中，電影開場不久是2018年法國隊獲得世界冠軍的時刻，舉國歡騰，連Saint-denis區的小孩都也會走到Les Champs-Elysées享受快樂，三色國旗飄揚在凱旋門前，一片景象是不論人種顏色為國家勝利而喝采與自豪，那平常又會不會當身邊出現的這些人一回事？也想到游達志的《非常突然》。以為所有事情完結，但新勢力開始武裝起來...	2
击破苍穹	这种片子也能得8.2分？你让训练日和上帝之城怎么说？ 而且作为在这一带的片警，他们已经算是尽职尽责了，维护秩序，避免冲突，努力寻回失物。在这种街区巡逻，本身安全都是个事儿。三个成年人警察都是有责任心理智的人，而那些狂暴的问题少年，防碍执法，甚至攻击国家公务人员。。很难值得同情。好庄稼要长好要有国家层面的土壤，而非几个底层执法者所能改变的。	3
一个短篇	四星水準，看一半多感覺是ptu劇本，仔細一想（過度解讀一下）這部的白天是沒有時限的是沒有縱深的，或許這是為了把這個社區的事件通過平面的共時輻射開；結尾看著很害怕，我覺得即使同樣是對於當下建制的反抗，我們應該擁抱開戰這樣的電影而不是這部	1
天籁💤	小小的暴乱，给看客内心留下大大的震撼。无人机视角是最特别的一个地方，沉默的、愤起的、凶暴的、怯懦的、摇摆不定的…… 尽收眼底，后半段的观影体验仿佛闯4D鬼屋，不知炙热的怒火光弹会在何时何处以何种方式被点燃。没有与生俱来的恶，只有权力的实感和暴力的快感催生的“失控”。可如果把以暴制暴当成宣泄愤怒的途径…… 不禁联想到黄色的雨伞和黑色的口罩。	3
寒枝雀静	A / 愈发欣赏这种用杂糅的叙事语气所营造的微观政治观察，某种程度上和《抱歉打扰》可以算是一体两面的成功例子。	11
发条橙	我的朋友们，记住这一点，从来没有坏的杂草或坏的人，只有不好的种植者。	4
vivi	这一刻我想起观影的那个下午，突然心头一颤。生猛而流畅，直击心灵，这才是我认为的“每分钟120击”的样子。	4
Matrimandir	所谓法国新晋导演的处女作拿了一个戛纳并列的评委奖，对比白天肯洛奇电影中的描述群体的普遍性和这部电影里的极端个案（每个国家似乎都有这样的极端），煽情过度。 完全不如这次同样参展的新疆导演处女作《最后一次的离别》，同样是拍家乡。	3
舌在足矣	航拍与手持镜头相穿插，社区里各色的人物群像，还有最后四十分钟一个接一个的高潮，尽管是一部处女作，拉吉·利对暴力的循环与无解所做的社会学剖析已然可以比肩不少影史经典了	9
Muto	在科技突飞猛进的今日，电影里的各类炫酷镜头早已屡见不鲜。眼下的《悲惨世界》之所以还能给我们带来“观看”意义上的震撼，是因为拉吉利对于“天眼”的妙用。观众和摆弄着新科技的少年人一样，洞见了惨剧的发生，但事件的来龙去脉却被放置在了空中。我们只看到了一群人追着一架无人机满世界跑，真相是什么不再重要，重要的是，谁掌握了真相谁就拥有发言权。毫无疑问，成年人最终拿起了武器，而被教训的少年人只能用行动发声：我们是人而非兽。影片真正的冲突在于，强者把弱者当做动物来对待。事实上，在人与兽互相对峙的马戏团里，每个人心里都有一头雄狮。且不说未成年人难以将它驯服，就连成年人也有控制不住它的时候。影片最终的落脚点在于心理创伤，以及道德秩序的重建。但暴乱于结尾还在升级，我们看到的不是战火在奄奄一息，而是仇恨在变本加厉。	5
基瑞尔	在短片之外做了非常多又丰富的延伸，警队三人的部分和街区各个为政颇有《南城警事》或是《火线》的vibe，若是导演真的以后糊了（才没有），电视圈敞开大门拥抱你。巴黎一天，苦痛一世；任何问题的根源在这里渐渐发芽，百年前的故事从未真正走远。	3
大海里的针	1、黑人导演处女座，提出了问题，但是很难找到解决办法。2、政府的控制力太薄弱，所以基层控制权到了宗教领袖、帮派领袖手里，“乡贤”统治基层大约等于中国的封建时期吧。3、黑人帮法国人打赢了二战，却没有得到应有的社会地位，所以法国人再难受也要忍下去，还好中国不是移民国家。	2
五色全味	這難道不是一個香港故事麼⋯警察線做主軸寫得夠完整，孩子那條線反而欠缺了深入	2
同志亦凡人中文站	短片的感觉其实更好，压迫感从头至尾，扩成长片后总觉得不够锋利。不属于游客的巴黎，各种社会矛盾如积薪厝火，只需要一点火星就能制造人间炼狱。“这个世界没有坏的庄稼或坏的人，只有坏的庄稼人”，雨果在一百多年前就写出了善恶因果律。开放式结局好评~	5
451½°F™	2019SIFF。作为导演处女长片，对于镜头移动，剪辑和节奏感都把握不错（航拍镜头让人感觉偷师《怒火青春》），关于法国民众（贫民区）对警察（权力）的反抗与冲突虽然有直面的刻画，但是最终只是一种「景观」，最后开放式的结局更像一种「我也不知道怎么办」的无力，从批判性上不如「开战」。PS：当下能够直接呈现大规模「暴动」场面的恐怕只有法国电影。	4
白兔糖	种族问题严重了就容易爆发这样的恶果。我并非种族主义者，但看看现在的广州，电影里的今天，也可能是我们的明天。这片子适合zf会议上循环播放播放，真的。	6
alain.proust	三位已然充满自我矛盾的警察似乎从三种向度上共同唤醒了一个更为复杂的角色——沙威（Javert）。	4
stillme	视角单一化、人物脸谱化，以牙还牙的简单逻辑，站边挺明显，孩子做什么都无罪论，男孩的转变非常突兀，粗暴、蛮横的对待确实存在，但整起事件并非全都是恶意加害，而之后的复仇却是恐怖分子级别的了，警察里姑且还有个温和派，但孩子群里却没有，这也是提醒众人边缘且低龄的孩子别随便惹，他们更能团结一心，破坏力惊人，因涉世未深、敏感躁动而更难沟通～那个叫萨拉的黑人有点像当地的牧师，但他没有担当起和平使者增进双方的理解，反而觉得愤怒只有以暴制暴一种出路，也是诧异～毕竟那个所谓的巡逻警头头是外强中干型，不是残暴到必须杀之后快，权钱交易、黑白勾结，只是蜻蜓点水，没有素材来解释警察的行为逻辑～新人警察这么有说服力也是少见，如是极端环境他早就被干掉了，悲剧点在于警察的态度刚软化就被暴击了，预示着没完没了的冤冤相报吧～	8
睡不着瞇着	发生在雨果写作《悲惨世界》街区的当代悲惨世界。一系列的警察滥权（以至“I am the law”）、躲过惩罚但路人皆视其为仇雠的场景，无法不产生对照。当然法国人的反抗方式实在比某地暴烈凶悍太多，因为在系统性包庇的暴力之外，还叠加了被系统性屏蔽的压迫：族裔、宗教、阶级、甚至年龄……原本罩住当地小孩的大汉试图阻拦群童报复警察时，被遭枪击男孩带头打伤。对这些受尽欺压冷眼、生在恐惧和抱团本能之中的小孩来说，本该捍卫自己却以成人姿态扮演着警权妥协者、勾兑者的角色，恐怕还积攒着更深的被辜负的恨。这不再是一个有仲裁者的世界因为它已如此根深蒂固地不平等。电影结束在对峙中，总算躲过了直面血腥一幕和毫无疑问将更为血腥的后续。这样一幕能回避吗？当然可以但显然不是在它发生的那个时刻。不看到暴力背后的因果暴力只有无解循环	10
[已注销]	#22ndSIFF#对人权议题不厌其烦地探讨也是法国电影的一大特色了。说句政治不正确的话，黑人真是反文明物种。	9
木由	太难受了，心里堵着疼。闻者色变的大巴黎93省，由仇恨引起的警民大混战。因为太真实，因为这一切明天可能就会发生。难以想象当初冲着la belle époque来法国的我今天看这种电影反而觉得更日常，回不去了。移民不是坏事，但是要量力而行，循序渐进。若不能提供移民足够的教育和工作，只会让移民的孩子在仇恨和恐惧中长大，让社会向下拉齐。教育是百年大计，盲目吸收移民，养而不教并非恩赐，是孽障。	4
咱说	“如果只有发泄怒火才能换来倾听呢？”
镜头调度非常娴熟，算计颇为工整，三个主演简直不像是新人！高潮之前三人各回各家那段有点松。特别留意到从头到尾出镜的“主角”那栋廉租房公寓外观非常好看，实际上导演“不经意”地在很多场景都展示了各种外观好看的廉租房，可是，在它漂亮的外观之下，是拥挤的人居和隐匿的罪恶，在它漂亮的外观周围，是颓废的街区和赤裸的罪恶，政府光把房子建这么好看有什么用呢？	3
有心打扰	戏剧张力太强悍，哪怕已经黑屏滚动字幕，整颗心仍紧紧揪着，害怕从眼前的画面里传来枪声。而结局呢？是达成一次和谐的谅解，还是造成了无法挽回的进一步的危机导火索呢？随着落幕，留在每个人的心里。	1
电个爆炸头	简洁有力，用一个午后的一场事件带出阶级对立，种族分歧，社区冲突等现实问题。我们从中可以清晰地看到，暴力正在孕育更多暴力，偏激正在激发更多偏激，矛盾正在衍生更多矛盾。这个社会的分化与撕裂问题真的越来越严重了。	1
斯大凌	比想象得更加流畅，前面一大半相当于《为所应为》加上《怒火青春》，角色脸谱化是非常大的问题；高潮新群体和新势力的引入一定程度上做到了升华，但还是欠了些火候。	3
要丸	延续了母体短片的手持和压迫，无处不在的摄影机 ，纪录片式的变焦捕捉，粗砺的真实感把一切审判交给我们，高高在上的鸟瞰拍摄把所有人物交给命运。开头凯旋门的世界杯欢庆，披满国旗的狂欢直接让你坠入这个已经肤色各异的移民法兰西，你知道在这片欢声笑语的背后早已满目疮痍。移民的、贫民的、二等公民的法兰西，各类移民社群与主流隔绝，在贫困社区盘踞形成对立。移民认同问题在时代的行进下并没有得到解决，只有一报还一报的恶性循环，从05年的大骚乱延续，我们看到一个愈来愈糟糕的法国，而迈入20s的我们，将会在欧洲乃至全世界看到更多的“悲惨世界”	2
风间隼	“狮子每天早晨都会祈求上帝，让仁慈者逃过自己的利爪”。国家机器与非洲移民之间的博弈是两种文明的碰撞。在最前线头破血流的是警察和孩子，受伤的却是整个社会。影片视角跟着新调任的警察深入非裔社区，审视两天内的多方角力，并没有下轻易的善恶判断。最后楼道里三角对峙的生死之局，把选择权留给了观众。	2
咯咯精	You can take’em down. -Jim Jarmusch	3
余小岛	街头政治，暴力成长史。。	1
萨库拉	一堂法国社会课，一出人类永恒的巴别塔悲剧，剧作非常善用人物压力之下的选择，张力升级，步步揪心。结尾也很好，因为这样的故事永远没有结尾。@Cannes	2
LiM	这个时代的《为所应为》；直到最后一刻你才发现这部片子真的是雨果式的，带着悲悯，而不是冷酷；于是警察视点是非常有必要的，否则不会有最后一幕的张力，这种视角的纳入甚至比《为所应为》更向前了一步，它绝对不是在同情公权力、为其背书，同时指责孩子们的暴行，相反，它在表明问题的根源在哪；进一步说，纳入的无人机视点更是一绝，它可以作为一种纯粹的客观，是上帝对物质世界的一瞥，在佐证一种正义和公理的存在；最后一幕纳入巴兹（戴眼镜小孩）的视角（无人机的操控者），他透过猫眼，看门外两人的对峙，一个是楼上举着燃烧瓶的伊萨，一个是门外举着枪求救的警察鲁兹，单凭这个镜头已经可以进入年度十佳。	5
KUMA	Le film puise sa force dans son ancrage social et territorial dans la mesure où la fiction alimentée par la circonscription d'un territoire stratifié propulse la (dé)construction d'un milieu politique où la violence acte la débâcle de la balance des rapports de force mettant à l'abri les différents personnages nuancés. On peut reprocher à Ly de se contenter de faire un état des lieux transversal faussement neutre suspendu sur le fil du sensationnalisme, mais la réponse semble se trouver nulle part	2
汪金卫	【上海电影节展映】由短片发展而成的长片处女作。直面法国社会当下尖锐的种族矛盾、警民冲突。生猛强烈，现实有力。善性与恶意共生、误解与矛盾并存。开放式结尾在高潮处戛然而止，犹如在一串省略号后写下一个大大的问号，直击人心。为何非要到以暴抗暴的地步？这样两败俱伤的结果难道不能避免吗？这不是雨果笔下的《悲惨世界》，这是银幕上活生生的“黑暗巴黎”。	2
seamouse	大半时间都以为只是圣丹尼的日与夜，最后突然积蓄爆发成93省小丑。日常是如何酝酿为骚乱，巴黎斯坦警民关系又是如何纠结牵扯，愤怒从何而来发展成啥，都步步为营又一点都不像编剧而出的。	5
水浒三国金刚	燃烧巴黎的浮世绘	0
Chambord	揭露巴黎斯坦基层溃烂的#洪水学#电影。片尾黑人少年团伙的疯狂打砸令人触目惊心。企图制止暴乱的黑人头儿被黑少年击杀，预示了巴黎斯坦大洪水和张献忠的来临。	2
醍醐灌饼	结构其实很神奇，前面80分钟是通向视角舒适区的“诱骗”，只为创造最后的implosion。在电影与平权的想法之间达成了罕见的最大公约数。	6
把噗	暴力史。	2
陆支羽	4.0。1.结尾大赞。2.“这世界上没有邪恶的植物，也没有邪恶的人，有的只是邪恶的培育者。”	1
Ricky925	恐怖分子	0
glim	雨果可以描绘革命年代里人的沉浮，但是他无法预料在未来的巴黎，人们会以另一种方式站上街头。出色的记录风格，很难得一位马里移民能用完全不偏袒的口吻讲述这样的矛盾。	0
六七四十二	看的时候不停脑补黄背心。政客、警察、匪徒，只是身份不同而已，本质都是一样的受邪恶驱使。在全员恶人的设定下，男主的设定就有点“圣母”的味道了。三个人各回各家之后我一度以为影片就到此为止了，没想到“落日之后”更加精彩？？不过，一个被狮子吓尿的小孩，真的拥有那么大的权力吗？跟警察抗衡唉……	2
Unbeliever	又是一部完成度特别高的长片处女作。法国人是天生就和摄影机特别合得来吗？镜头完全舒服。故事让人想起了流浪的迪潘，比单纯复仇的凭空而来好不少。不过整体而言也是价值有限的作品，尤其是强加给它任何时政意义都有点扯。请看美国电视剧《火线》和《南城警事》，能拍的美国人早都拍尽了。（故事甚至比这个片子更好，当然是占了篇幅的便宜）不过这也间接证明本片的故事本质上和什么移民、种族之类的议题都关系不大，就是贫穷的问题。	2
怂囧小赫	特别好，一直揪着心看完这部电影，结局开放式虽然有点意犹未尽，但是想想结局确实不是终点，和现实世界一样，没有结局就是最好的结局，无所谓政府、种族、权利、宗教，有人的地方就会有犯罪、杀戮、仇恨、无助，致那些敢于牺牲，为人性活着的人！同时也开始理解西方世界的所谓“自由”意味着什么！	1
二月飞雪	民变动乱此起彼伏，从巴黎、委内瑞拉再到香港，有多少深陷其中的个体不知不觉就成了事件的一块积木。	2
xiaoxiongdi	暴力是乌比斯环，但love&peace依旧也无法解决。在这样的体系下，怎会不充满愤怒？	3
Sabrina	警察、便衣警察也太像黑社会小混混了。	0
玛丽维拉仙女	天山 体验特别差。遇到了因为有人说话高声以暴制暴的行为。我的那个方位基本听不到任何声音，不论他的观影体验是被谁的声音毁掉的，我原本舒适的观影体验是被他毁掉的	4
半小时	黑人移民导演，对影片中到处偷东西然后聚众袭击警察的黑人小男孩，给予了天然的同情	12
Ada的B计划	仍是类型片语境中的作品，丝毫不避讳人物的符号化与脸谱化，不避讳街区高概念化的方方面面。真正异于常规类型作品在于，致密的意识形态表达通过松散的场景组织被呈出。只有少许均衡性的缺憾，例如全片文本铺设实完全无暇顾及警察在街区外的人物形象，却仍然试图在最后一幕来临前让他们短暂回归生活，原可以充分奔腾的群体力量一定程度被导演对文本饱和度的追求所制约。	5
kylegun	新警巡更，大佬讲数，剥削欺凌小混混；一个寻找小狮子的儿童寓言，演变为向不义不公成人世界发泄民愤的童党火拼；没有《悲惨世界》冉·阿让的救赎，只有贫民楼的街垒；莫洛托夫鸡尾酒扔还是不扔，这是个问题	0
草原上的马	真的是黑人世界，恭喜	7
仲夏之门	虽不乏意图稍显直白的处理，譬如幼狮失踪，马戏团驯兽和对雨果及其巨作的引用，但还是为创作者对捕捉社群特征的高度灵敏和直觉力，与构建政治生态链的完备而折服。视点的游走切换并未干扰叙事节律，无人机鸟瞰带出多方割据乱斗的破败地界，与小景别手持镜头相穿插，正巧凸显了三名警员共同和各自的两难困境，既是执法部门代表，也是所有矛盾冲突的见证和背负者。开头紧扣时代氛围的庆祝游行何其巧妙，与结尾楼道对峙相衬，传达出无比沉重的画外音。	2
porcos	谁是片尾雨果句中的庄稼人？难道不该是体制嘛？为什么把所有箭头对准警察？难道如果警察不管闲事不去帮忙找狮子，然后第二天吉普赛人与黑人火拼烧光整个社区死掉几十个人才满意吗？三个警察面对围攻打伤了偷狮子的人的脸就罪该至死吗？为了自己贪玩偷狮子差点引起火拼的人能和冉阿让相比吗？冉阿让最后救了沙威，而不是向他扔燃烧瓶，这就是差距。导演想像雨果那样批判社会批判制度批判司法不公，却拳拳只打在警察身上，警察这个锅不背	2
神奇女侠	垃圾结局	4
麻绳	没看出好在哪里，听说原本是个短片，难怪罗里吧嗦的。	5
btr	到2/3处还以为要陷入简单化的好／坏警察故事，结果有个重口味的黑色结局几乎拯救了整个电影。一曲（似乎不得不、近乎无解又像是唯一的答案的）暴力的悲歌。	1
逻格斯歌	像看了一篇热血的深度报道，聚焦于青少年的顽劣，反而让我们忽略了真正的问题：吉普赛，穆兄会，黑人帮会以及警察维持秩序靠的早已不是法，而是暴力均势。电影暗示而没有说明的是，晚上巡逻更麻烦。里子原来还是面子，真的里子从未显示，此一留白让人顿觉恐怖。
看完听到有一中年男在说：干嘛不开枪！莫非是看到了里子的智者？	2
又又	竟然是处女作，也太成熟了吧，剧本超棒，人物角色设置也很好，三个警察不同性格。论警民冲突是怎样产生的，一头小狮子引发的一场bao动（话说小辛巴也太可爱了），结尾雨果点题，开放结局也很赞。10.6@BIFF第六部（露天电影院，10度的风把我吹傻逼了，冻得失去知觉）	2
BIG J	影片圈起来一个街区，用一个新兵蛋子闯入者的视角来看这个封闭世界的人性样本。片尾字幕引述雨果的话，为影片的方向定格：人性本善论。这几行引文完全多余，否则可以加一星。除去极端分子，大写的人不是恶的，同时也不是善的，而是天下攘攘皆为利来的。黄金三镖客之一的李·马文演了一辈子反派，被问及为啥把坏人演得这么好时，他说：“我没有演坏人，我演的是那些挣扎度日的人。”那么：人，挣扎度日，善吗？恶吗？丛林里随便一只猴子，挣扎度日，善吗？恶吗？	0
老罗Lazzaro	世界本没绝对的坏人，政警对立，暴力与歧视的问题不断，只会导致冲突升级。直击社会现实，寓意深刻，全程在一种焦躁不安的氛围里，张力很足，留白的结尾意味深长。作为处女作很惊艳。	0
河东	Being colored就是原罪吗？当警察可以代表法律吗？不参加帮会的瘦小的航拍小黑仔，仅仅是因为录下了暴力执法的警察，被追打，威胁。他还有什么别的选择呢，结尾他举着燃烧瓶面对举枪的警察的时候。心里突然哽咽了一下，他本来是个上帝视角的和平派，但这个滋养罪恶的世界把他推到了“恐怖分子”这一边。无论是有色人种还是警察，小民视角下，他们从未是赢家。	1
阿德	今年最佳之一，非常写实的诠释了种族仇恨是怎么升级的。作为处女长片，必须给五星。	0
翻滚吧！蛋堡	最后二十分钟太猛了！导演基本不预设观点，但却能聪明地用影像调动其各方情绪，将无解的矛盾抛向更远	0
KKK	偶然事件往往被追认为历史的起点，这是进化论决定的，但变革势能必然引起系统的眦裂，辩证法的余音... 权力是极不稳定的稳定体，电影的重点不在种族或宗教，相反，作为权力的爪牙，种族内外矛盾昭示权力缺席的在场，在各种范畴的社会区隔背后支配一切，因此这不是一部直接反映现实的电影而是反映理念的电影，正如小说题名可以套上任何一种事实，但都多少分有雨果纪念碑式的革命思想。电影最后终结于持械相向已然达到浪漫革命的高潮。这里的暴力不是中性的，因为暴力可以只容纳实施者单独存在，而当有所指向必然占据一侧，但权力却是中性的，因为其存在依赖于把多方牵连其中。 影片还是有不少类型片元素，虽然现在讨论类型不类型意义不大，但类型有助于接近观众，在战时确实有点鼓宣的味道。with L	1
千反田奉太郎	8.6/10 狮子-权力-怒火，将猎物雏鸡撕裂，将高卢雄鸡肢解。镜头的调度无与伦比，视角跟随警车穿梭于街区巷弄，构建出了种族、族群、宗教不稳定平衡的城市图景；无人机视角的客观叙事穿插其中，将愤恨、不解、惊恐、彷徨的情绪一并收容，又好似雨果时期/殖民主义的怨念依旧在空中回荡，静心见证这个世界迎来反噬	2
fire	今年第一个惊喜，法国片儿警的日常。很羡慕他们电影的自由，但是他们应该会羡慕我们的街道。	0
方枪枪	一只狮子引发的惨案，对比当下的法兰西，看着真五味杂陈。	0
FrozenElsa	【8.0】#siff2019#拍摄上老陈的不像是处女作，不错的命题作文，片子出人意料的有不少的笑点，还是不错的哦。	1
你的益达	有挺多意象的作品。	0
子戈	爆燃的开场与暴乱的结尾，连缀起足球与政治的微妙关系。
足球可以瞬间点燃国家主义情绪，将底层戾气转化为共同体幻觉。
可是，四年一次的世界杯终会过去。
当“冠军”的亢奋消散后，底层人重回暴力街区，等待他们的仍是混乱的生活。

影片以警察斯蒂芬的视角，带我们近看一个属于成人的，无望的，又暗通款曲、自成体系的地下巴黎。
那里早已遗忘了公平和正义，唯有暴力和媾和才能维持微妙的“和平”。
而最终，当所有人都以为争端已被摆平后，不想故事才刚刚迎来高潮。

一群孩子，成为了高潮的主角。
他们原本被排挤在世界之外，看球也只能站在外场。
但是最终，当成人们自以为是地重回“和平”后，孩子们站出来，将世界拖入末日。

这不是一场暴民的狂欢。
而是一只随时可能被压倒的骆驼，意外地等来了最后一根稻草。	2
Gawiel	前一半：成人世界的不同人所维护的不同秩序看似针锋相对，实则达成平衡相辅相成；看到这里正要达成略带愤世嫉俗但心安理得的“我看透世界，世界不会变化”——后一半：去你的秩序吧！！！	2
今言	黑绿终将统治世界。	0
tangerine	就一句话，你凭什么把自己和《悲惨世界》相提并论？	2
圣灵降临的叙事	这不比寄生虫牛逼啊这个？？	2
孤岛影者	四星半。“既没有莠草，也没有坏人，只有外行的庄稼汉。”又一部惊人的长片处女作，拉吉·利由其同名短片扩展，从05年法国骚乱摄取视角。本以为短片会如《肤色》般震撼，没想到导演的这部长片更为接近。无人机鸟瞰镜头航拍注视着社区，手持下自如变焦反而提供现实感，摄影机如枪械般对准各个人物，而观众全程站于其后静静旁观。后置家庭指向小孩生活环境，再浸入小孩骚乱的有力结局，几乎接近完美的表达效果，再回想如何从开头世界杯狂欢后层层坠落。达米安·勃纳尔面对偷窃小孩的两次举枪（狮笼和对峙）特别棒，与之前多处铺的面部、眼神特写形成对比。难得一见同《为所欲为》收尾的情感传达！	1
潇潇墨鱼	多族裔混居的法国就像一座活火山，随时可能被某种意外点燃，滋生不可收拾的暴力；凯旋门前八方同聚万人空巷的盛大场景，也许只存在于世界杯夺冠之后的狂喜瞬间。如果说《暴力街区》之类的影片，是用浪漫夸张的手法展现法国黑帮的暴力和犯罪，《悲惨世界》则用现实主义的白描手法，直陈在移民冲突、阶层分化和行政失序等多重困境下撕裂的法国。电影最后20分钟虽然调度精彩，有强大的戏剧张力，但这种过于直白的“暴力滋生暴力”的呈现，少了一些余味，而且和前面部分绵密递进的情绪相比，有泄气之嫌。	1
xlL	法国大都会美国化就算了 法国电影也这么美国化下去··（大借香港 四个势力的生态平衡能跟现实有一定对照 也只能再加一星 （世界的秩序要真在穷街陋巷里 就好办了	3
小刀周遠	首先说个题外话：不要拿电影里的情形和香港比，出发点不同的事是无法对比的，就此得出结论就更是谬以千里了。

片末引用雨果的话说没有坏的庄稼一说，这是一个糟糕的比喻——如果庄稼比作少年儿童们的话。社会化之前，人类并非冰清玉洁，此其一；社会化之后，还有诸多因素，比如家庭、社会制度，还有社区关系，以及信仰等等。所以暴动的青少年们周围是什么因，那最后就得到什么果，此其二。

导演聪明之处是开放式结局，败笔处是引用雨果之言，其心太显。	1
zhang 2nd	结尾惊了	0
发不沾霓	太狠了，完全喘不过气，放映结束后听到最多的就是“呼～”和“putain”，看的过程就像被人按在地上死命地揍，毫无还手之力，比[上帝之城]更残忍，比[怒火青春]还“暴力”，如果说评判电影好坏的一大标准是让人体验“它所呈现的世界的真实”，那么从这个角度来看，这大概是2019年最牛逼的片子了(真!金棕榈)，根本忽视了视听技法和叙事技巧，只是身处这片唯一的绝望大地，你都不知道他到底是怎么制造出这些表演和拍摄的，尽管在现实世界里什么也改变不了，但在电影所创造的那个世界里，希望的火种还是没有灭掉；p.s.过山车的一天，情绪在两极来回狂奔	2
雪	不，朋友，这个世界有杂草	1
All that 幽幻	8.4 延续了短片的思路，并且加强了视听体验和环境铺垫，同时改掉很多短片里的不足，结尾实在是力度太强，看得人喘不过气！	1
法式曌影	【B】始终以突兀的变焦镜头提醒观众身为旁观者，不再以摄影机赋予观众视点，而使观者成为摄影师的角色置身其中，如同片中用无人机拍摄的小男孩，成为这“悲惨世界”的见证者。不过这种看似“混乱”的镜头调度更考验导演的掌控，可能对于处女作还是难了些，导演对镜头感有天赋，但对人物调度就相形见拙了。有几次运动场面完成的非常好，但同时也只有运动的时候才是好的。作为处女作完成度已经很高了，结尾最终结下的多重道德困境实在巧妙，但开放式结局实在鸡肋了，导演还是不够狠。	1
水脉	蛇鼠一窝的地方，矛盾只有暴力一种诉诸形式	0
feeling	影20181：“如果只有发泄怒火才能换来倾听呢？",暴力伤亡又换来了什么？有人倾听吗？某些人从来不道歉。3个代表个性鲜明，各代表一派人。没有引入宗教之争，导演很克制。(二战爆发不就是一群复仇的年轻人么？)	2
傻乐的猫	巴黎版的Southland?发达国家也有脏乱差，so what??	0
Panda的阴影	2020年第92届奥斯卡金像奖最佳国际影片5部提名电影终于全部看完，整体观感稍胜过2019年第91届五部最佳外语片提名影片，成为近几年个人最心仪的一届。今年五部电影我个人的喜欢度大致排名：《寄生虫》韩国、《痛苦与荣耀》西班牙、《蜂蜜之地》北马其顿、《悲惨世界》法国、《基督圣体》波兰。—— 联想到1995年的《怒火青春》，然后第N次深深地感受到自己那个理想的和谐美好世界是多么天真且难以实现。且不论不同人对是非观念的差异，有些人即使明辨善恶也不代表会行善弃恶，而复杂的现实情况还可能也会让好人做了坏事。看到 Issa 被抓进狮笼那段我流泪了，Ruiz 那种想把事情处理好有时却无能为力的感觉，我也曾体会过。—— 朋友们，请记住：世上本来没有坏庄稼也没有坏人，只有坏的庄稼人。-维克多·雨果 《悲惨世界》	0
水水	庄稼人。。。	0
刘浪	从短片拓展到长片几乎是天差地别的，不仅将街区景观作了详细填充，势力的抗衡也更加清晰。没想到，短片中球场缉拿与搜家的对象都由无人机的拥有者换成了无人机的拍摄对象。可以在同一个叙述框架内，实现对暴力承受对象的随意切换，如此体系下，所有人的处境又有何不同。第三部分的对抗，几乎是对短片的彻底改写，平静的、看似解决的、搁置的既有矛盾全都被点燃。	1
斯托科夫	SIFF 前面极像一部银河映像作品，后20分钟则升华到权力的辩证法。缺点是结构过于精巧，而且后段权力转换的段落有些跳跃。	1
华盛顿樱桃树	#SIFF22#从剧本到不着痕迹的场面调度，节奏控制配乐安插，如同故事一样沉稳老辣。处女作拍成这个样子，怕是很多导演都可以失业了。由里到外的好看，内容上的锋芒和感官上的刺激一个都不少。挑不出任何毛病。	1
シリウス	确实是短片的升级。底层社会和群氓动乱都得到了足够的篇幅去刻画，代价是暴露了自己作为新人导演在节奏把控上的失衡。航拍＋近距离跟拍无疑是不错的展现街头的方式，但我认为导演在调度上还是未能物尽其用。有tie热点之嫌但是每个点都cue的恰到好处，后半程的噼里啪啦真的是惊呆了！（好的那种）Ps.这个片真的是，前半段大家笑哈哈，后面一个大妈破口大骂了起来。	1
潜意识	非常狠的处女长片。格局小，立意高，暴力滋生暴力。幼狮、少年、警察处在平行世界与不同阶级中，无人机无疑是审时度势的旁观者。更悲剧的是现实生活的黑暗仍然在继续与蔓延，法兰西，太难了。	0
时间之葬	如此坦诚地直面各个种族、阶层和社群在当下法国造成的痼疾，这样的痼疾就像是那种难以启齿又无法根治的尖锐湿疣，被感染的每一个群体都身不由己地被逼至两难的死角。	0
小A	非常好的处女作。巴黎底层社会贫民区是不稳定种族多发地，反映这一题材的影视很多，本片选取最具体的警民冲突，虽然矛盾开端责任始于警察，但故事设置了不同背景的警察，给了警察一方申辩的机会，综合反映社会现实，点出了彻底解决矛盾的艰难现状。无人机既能给出全知视角，又能作为剧情的重要部分参与其中，这个素材的利用率非常高，值得借鉴。	0
佳蓝	以为尘埃落定之时，仇恨才刚发芽。	1
臻圣	7.8分。令我意外的是，影片取了雨果巨作《悲惨世界》的片名，但纵观全片没有常规意识所想象的宏大铺垫，而是聚焦城市小人物间爆发的冲突。它不是赘述历史，它是在利用《悲惨世界》的内核刻画当代。
“从来没有坏的杂草或坏的人，只有不好的种植者”。一语道破，导演抨击的是统治层，带着种族、宗教的交叠，在这个混乱的土壤里孕育出的边缘人物也并非他人口中的不堪，而是一种自由奋起的呼喊。	2
给艾德林的诗	镜头一碎，故事倒不见得就长到可以概括一切，反观各个事出有因的视角叙述，同样也是问题多多，尤其是大疆的俯视全知客观，是整体多线客观之上的客观，所谓以小见大来折射政治的景观意图碎片理所应当就会不时打断反讽叙述，来完成意识形态输出，整片大致作对的只有结尾的不封闭，故事没结束，斗争就没结束，略微玩味还有点左的意味。	3
公民阿良	我们永远正确，从不道歉。	0
垂下稻穗	社群中传染的暴力，成熟的不像处女作。	1
猫奴十二年	世界杯给这个国家带来转瞬即逝的团结幻象，三方阵营——警察，混混，亲警察的混混——都不是正义之师。张力最足的时刻，是最后的爆发冲突前警车缓缓驶过街道，一步步落入敌人的陷阱。总体比较平淡，叙事用来太多笔墨来铺垫和展示环境，新来的警察身上少点东西，不够立体	3
铅纸鹤	严厉谴责某些导演，国家有好的一面不拍，专门盯着那些负能量的拍，还妄图参选奥斯卡最佳国际影片，真是丢人丢到国外去了。某些电影奖还给最佳影片，简直不像话，我建议以后都给禁了。法国那么多美景，文化，爱情，卢浮，塞纳，破轮，铁塔，都不能拍吗？动不动就想着闹革命，老区人民不要面子的吗？这些矛盾不都是当年永居的时候闹的吗当时怎么不说话呢？还有某些观众，还看，就说你呢，狮崽子丢了就丢了呗，至于动刀动枪的吗，看看有的国家，自行车丢了都无所谓，要啥自行车啊
（请手动翻译成法语）	1
mr.CharlesCCCC	当人群在香榭丽舍大道上欢庆世界杯胜利时，这是所有人的法兰西。但当一群人回到穷破的社区之时，这却不再是他们的法兰西。悲惨世界的本质，便是看着邪恶从孩童身上绽放，抹去他们眼睛里原本的纯洁，取代而之的是愤怒与恐惧。	1
二月鸟语	SIFF19，拿评审团奖有点委屈了···评委会大奖一点问题都没有··设备：爱丽莎mini和安琴optimo变焦镜头	1
影愈者	已经不是谁对谁错的问题了，这已经是一种完全的撕裂与对立，这里面的问题实在太多了。警察暴力执法；移民社区各种犯罪比比皆是；社区各个头目在社区內圈地自萌，只顾自己的利益；这一切该说什么好，本就是一个混乱的地方上哪找清流？ 打开国门让难民进入，只知道高喊人道与人权主义，放进来后不能说是完全的不管不问，但这一切都表示欧洲国家其实没有做好准备，放任自流把问题交给问题解决，催生出更多的问题，或许只有在片头球赛法国夺冠的时候，大家不论种族不论肤色不论宗教，都一起为法国欢呼的时候，他们才都是一样的法国人，而不是种种矛盾与对立！	1
路西法尔	后十五分钟大开眼界，贫民窟巷战见识了法国人民的武德，烟花真是神器。另外虽然片子里的事很糟心，但论糟心程度真不如在你瓣刷上十分钟广播。	0
梵目	循序渐进，逐渐高潮，很多短评是在说电影主要讲种族宗教，其实种族宗教只是冲突发生的社会背景，毕竟歧视并不是全民化的，而警察里面本身还有其他种族，还有一个中间派警察，所以不太是讲种族信仰的，电影更是在讲权力对抗的，探讨公权力的权力上限在哪里，电影将对立双方设置为种族歧视的警察和外来移民底层百姓，警察权力过大，是底层百姓对抗的重要原因，就和电影结尾来自原著《悲惨世界》的话一样，权力的执行者才是罪魁祸首。	1
Xs	福茂先生映前说马克龙总统都推荐了此片，结合电影来看心还是挺大的。。	2
飞檐	设计痕迹会牺牲一些自然状态下的张力吗？青少年世界和成年世界的对立才是最显性的。	1
马西嘻嘻嘻	二战结束到七十年代初法国经济发展强势的三十年（les trentes glorieuses）因为缺少劳动力从而大量让“外来务工人员”进入法国工作，经济发展停滞之后又管理不善，让他们在郊区的类似贫民窟的地方聚居住，没有人关心他们，有的只是躲避和瞧不起。最后一句话应证法国对于这些敏感地区管理的彻底失败，很多社会问题的源头也来自这样的失败 作为处女长片真的很给力 @ mk2 bibliothèque	1
盲忙	他们为了更好的生活来到这里，我们也想要这里变得更好，但结果却越来越糟，这似乎是移民原地故事的某种倒带，一两百年后原地没有变得更好，宗主地却因为“赎罪”变得更差了，算是某种孽力回馈吗？最后一场楼内戏太震撼，目瞪口呆。	0
西北化为乌有	开战！	1
。	的确是很生猛的处女作，尤其是整个不设立场的视角，一会跟随警察走街串巷，一会又在天台看警“匪”追逐，无人机的镜头简直是堪称神来之笔，并非上帝视角的怜悯，反而是一种根植于日常的冷漠和绝望感。在几组势力相互割据的交缠中展现出某种极强的人物附着力，同时又以一种先“跌入谷底”再“以下犯上”的姿态去铺陈这种革命的预见性。虽然部分情节的设定有些觉得刻意煽动，结尾的开放结局反而也觉得有些泄气，不过倒也算是抛出了一个难解之题。总之，使命已达，导演可期。	1
probe	结构虽然精巧，但故事构造的强意识形态太重，每一段都好似在强制敲击观众必须思考其中蕴含的冲突象征，结局更是好似为求结论升华而硬构造证明，一大群青年群像都成了导演的表达道具。这类的“关注现实”的电影看似切入点犀利，却由于表达的意志太强而让故事的呈现不够浑然天成，回味价值是不持久的。而用雨果形容的问题与此片相比较更是有偷换概念的内容标榜感。	0
Annihilator	#SIFF第五场#
名为《悲惨世界》，实际上也的确是雨果作品的精神延续——同样从种族阶级宗教的维度去思辨善与恶的永恒命题。作为一部处女作，完成度相当高，完全配得上戛纳评审团奖的桂冠。导演不似那些文绉绉的欧洲导演，永远站在观察者的上帝视角去观察社会百态，而是作为一个参与者，用纪录片感的镜头叙述事件的各个角落，同时辅以极具生活化的碎片台词和演员流畅自然的表演，仿佛真的随着主角走在巴黎街头。几场追逐戏和最后的暴乱都非常有视觉冲击力，大概是归功于短片拍摄的经验，有不少调度上的闪光点，但文戏对不了解法国文化和民族精神的观众不太友好。最后在高潮中戛然而止，也许可以这样理解——导演的目的是将邪恶的萌发过程而非破坏性结果展示给我们，导演的目的达到了，那个燃烧瓶是否如愿以偿地爆炸，也就留给观众自行抉择了。	2
Frances	前面有点拖沓，后面稳！2019siff@大光明	1
jj73浅之	开场万人大游行先炫技了，警民冲突讲得很细，很难不想到东方之珠呢。橡皮子弹开抢和无人机拍摄略弱，但最后20分钟值两星，如能放大这个结局可能会更好。法国电影真有意思啊，一边是精致高雅的强艺术性创作，一边是控制艺术性表达的社会题材。	0
MaclovenZD	位处上海天山的大后排中间双数。最后半小时单数位水平方向有骚动，不过也只有制止者的声音传过来。心疼那片观众包括制止者。（福茂卖片太积极，去年迦百农是有见面会，今天完全算突袭吧……我猜17日晚他会去新衡山推介《痛苦与荣耀》）	1
热带素描	感觉更像寓言片，或者说社会话题教学片……对这一类手法的社会议题操作越来越缺乏感知	1
Jin Unrated	后排法国人从头笑到尾……烦。前半部分节奏不行，基本在靠最后二十分钟让人入戏，同情。	0
斯齊佐飛力尼克	这种没有答案的问题看着真令人头疼，导演的节奏挺吸引人的。
“我们没想伤害谁，不是故意开枪的。”
“你们没错，总是没错，你们配了武器但不懂使用，还是运气不好？”
“无论是不是意外，视频泄露出去，只会火上浇油。”
“如果只有发泄怒火才能换来倾听呢？”
“之前的愤怒换来什么？最糟糕的是你们的愤怒也没人在乎。”	0
江寒园	我们这个时代的精神文化状况。	0
m89	“在绝对正确的革命之上还有一个绝对正确的人道主义。”法国版《警察故事》，有助于进一步破除西方迷信，这个“反犯罪大队”其实就相当于生活课吧。种族、宗教、非法移民问题共冶一炉，积蓄的愤怒在最后到达爆点。这个开放式结局倒没有什么好称赞的——一般导演自己都不知道怎么收场时就会采取这种逃避策略了。	0
欲剩	“这个世界没有坏的庄稼或坏的人，只有坏的庄稼人”。	0
小公园还在吗	故事蛮扎实的，视听也很出彩。当你以为就讲了这件小事，以小朋友被强权欺负为结束的时候，大的矛盾就爆发了。顶着“扫恶”之名去作恶，即使意识到自己错了也不去道歉，人的生命安危不如权力重要，但民众的恐惧和愤怒哪里是那么好操控的呢，在利用它的同时就要考虑到被反噬的可能性。开放式的结尾，其实是把拿着火瓶的小男孩和拿着枪的警察的视角交给了观众，你怎样选择，你在这个事件里就是怎样的立场。	2
KinG羽	种族矛盾版的“训练日”，视听语言极具爆发力和张力。多方势力交缠复杂又交代清晰，最后处在最底端同时也代表未来的“新势力”揭竿而起，将矛盾推向极致，镜头随着手中的燃烧瓶渐黑，种族问题将去往何处不得而知。足球就像吗啡，能让矛盾短暂地缓和、能让各方短暂地团结，可惜药效有限。	0
Andarta	十分戏剧/好莱坞（戏剧冲突，情节推动）的前半节。但实际上法国的真实情况更糟。这个部分见仁见智，但是能拍出来已经很好了，特别是男主不停的用眼神和表情来讲话，十分加分。个人很喜欢。十分可惜的是，最后一出太过理想化，最后一幕男主演的很直白也很好。整个电影只有2-3个星的标准，给四个星主要是因为主题。大部分中国人看来不了解法国cite的情况。	0
本初老儿	二幕精彩，三幕揪心，二三幕之间的转场最为动人！熬过前四十分钟，剧情就紧凑多了。如果开头铺垫能更紧实的话，就完美了。	0
huyouyou	探讨种族冲突、文化冲突，更探讨了下一代人和上一代人的冲突，无论是上一代黑帮和新生代黑帮，还是上一代白人警察和下一代黑人，冲突不因一代人消逝而湮灭，反而愈演愈烈。#20200406	0
猪头妖怪	写实，简洁，有力。点到即止，剩下的就全部交给观众自己了。	0
海樹	一开始还以为是个加了斯坦尼康和无人机的“巴黎片警故事",但后面的展开就很法国了………最后这故事居然能担得起这个片名，实在是佩服。唯一觉得处理得不太好得是转折点那场戏（就大佬齐聚开堂会那里）。一看居然还是处女座……果然又是个纪录片出身的……这种拍摄手法的法国片每隔几年就有一个在戛纳刷榜的吧，但为什么没看到影评人把他们当成一种流派介绍？（当然也可能是因为不怎么看影评……）	0
大聪看电影	暴力之树的源头在哪，我们不得而知，但我们看到了滋生暴力的愤怒来自于在自己同温层内的精神压力。
《悲惨世界》并不想讨论怒火的源头，而是在商讨怒火的控制，大背头就像火场中的一滴水，渺小到几乎要被怒火蒸发，水滴本以为控制了怒火，但最终导致了怒火的聚变，终将变成一场悲剧。	3
matchbox	视听和调度无可挑剔，结尾的留白也很妙，迟来的年度前五。	0
AshBoydSwan	略有debut的做作，尤其台词，但拍得足够好看，煽动性也很强，所以情绪代入很快。很喜欢前半段，把每个人物都拍得好像身处动物园的困兽。小狮崽敲可爱！	1
金桔派	所有愤怒的核心是需求没有被满足。—— 马歇尔·卢森堡 《非暴力沟通》	1
山上风下	太有张力了	0
琧婯	93省去过很多次了，但主要是途经，没住过，肯定是不敢住啊，哈哈，谁还不知道那里乱啊。这片可以说是一个当地日常的完美呈现，比较符合现实。这是移民融入失败的一个典型反例，需要从中吸取教训。其实我觉得没必要用雨果的悲惨世界名头去套这个，有点文不对题故意拔高了，你电影名就叫93省，我觉得挺好。	0
超人叔叔	戛纳同步@SIFF2019	0
陶子冬	了解法国的另外一面	0
江户川歌磨	就改编和完成度而言，确实没话说。从内核、细节、镜头调度和表演来说都相当有力，值得一看。最大的问题可能是前一个小时和后半小时的风格割裂，为了强行升华结局。有些细节冲突大可不必——比如用无人机偷看女孩被女孩发现一场戏，在后面的戏份里没有着力点，就轻飘飘的造成了割裂感。但新瓶装旧酒能翻新到这个程度，还是太令人惊喜。	0
女神的秋裤	处女作来说已经不错了，不稳定的镜头呈现出一个躁动不安的世界，无数人的命运被一个孩子联系在一起，各色人种在不安与对立中挤兑出更多的冲突，在混沌的夹缝中成长的年轻一代最后只是学会愤怒和暴力，文明土崩瓦解，只剩下野蛮的悲惨世界。	0
飛了	法國越來越多這種以紀實性電影的方式展現社會和政治問題的影片了，時間都壓縮在很有限的區間內，都需要完成（或遇到）幾乎無法完成的（或幾近失控的）任務或局面，混雜（裹挾）多重元素在其中，通過對話推動事件，通過節奏增強衝突，本片調度和情節設計都非常強，很驚人的處女作，反倒是結尾收在對峙的場景有些故弄玄虛了。	0
刘小流	巴黎不浪漫罪名	0
陈好康	#2019金马No.14 带着三星的预期走进影院，竟然十分惊艳！影片对于移民种族问题所选取的叙事角度和立场设置在同类型题材中可谓新颖，时间设定在一个初来乍到的警察新上任的几天之内，没有详细交代各人物的前史也不浪费笔墨讲述各社团势力之间的消长关系，就像只撷取了黑人聚居区喧嚣混乱的片段日常。开头法国世界杯夺冠的热闹场面营造了一个民族融合的博爱社会图景，然而镜头一转便拉开了种族信仰派别等冲突无所不在的舞台。最惊艳的片段是二三幕之间，警员在奔波一日后回到各自的家中，与家属们的平静互动；无论处于什么身份立场，你我皆凡人，活在尘世中罢了。但这是暴风雨前的宁静，随后的冲突才是高潮影片意旨，黑人少年们对抗的不仅是警员们所代表的「另一边」，他们同样要推翻内部的旧父权，建立属于自己的时代，结尾戛然而止也振聋发聩	1
Zcc911	Les.Miserables.2019.FRENCH.1080p.BluRay.DTS.x264-UTT	0
一朵潛水云	序場是字卡與世界盃穿插的畫面，當群眾聚在凱旋門前慶祝法國取得世界盃冠軍時，所響起配樂竟是憂傷的。不約而同近幾年關於描述當代法國社會題材的短片/電影都有一種憂傷的情緒。這種不斷被堆疊、被壓止的憤怒情緒找不到釋放口。上樑不正下樑歪，這種正是影片所要展示問題的根源。在處理衝突完結後回家後的情緒梳理的效果還意外的不錯，本以為會變得落俗或者不處理。但一開始的鏡頭隨意縮放風格不是太喜歡。以及個別航拍鏡頭的應用有點隨意。★★★☆	0
水包酱	一头一尾 满街飞扬三色旗高唱马赛曲的团结盛世与硝烟弥漫剑拔弩张千钧一发的暴力对峙 形成巨大的撕裂感	2
一一	三星半。相互谅解是永远不可能的，起码在人类存在史中。	1
RioLiv	不错，好看，非常棒的叙述和冲突，就是中间节奏突然慢下来的那五分钟有点太拖太没意义了，其他之外还是很优秀的，剧本摄影表演都好出色。	1
梅花野老	人之初，性本恶。就算他只是孩子，依然是一个坏孩子。开放式的结尾，我更倾向于小孩倾泻了自己的满腔怒火。警察或许会生，也许会死。关于种族，没人歧视你，用中国的老话来说，面子是自己争取的。黑人想要真正崛起，绝不是依靠愤怒。否则，黑人就是坏的庄稼，坏的人。	0
cocojamboo	法国某些区的真实情况么？欧洲这样下去会怎样？又想到神剧《火线》里的那些娃儿了，三星半	0
